"cab_id";"cab_hog_n";"ctr_id";"cab_sdate";"lhelc_date";"date_dif";"cab_valid_sdate";"cab_cmt";"cab_src"
1001;"	Chifley	 ";1;"1946-11-01";"1946-09-28";34;f;"	.	 ";"	.	 "
1003;"	Menzies	 ";1;"1951-05-11";"1951-04-28";13;f;"	.	 ";"	.	 "
1004;"	Menzies	 ";1;"1954-07-09";"1954-05-29";41;f;"	.	 ";"	.	 "
1005;"	Menzies	 ";1;"1956-01-11";"1955-12-10";32;f;"	.	 ";"	.	 "
1006;"	Menzies	 ";1;"1958-12-10";"1958-11-22";18;f;"	.	 ";"	.	 "
1007;"	Menzies	 ";1;"1961-12-22";"1961-12-09";13;f;"	.	 ";"	.	 "
1008;"	Menzies	 ";1;"1963-12-18";"1963-11-30";18;f;"	.	 ";"	.	 "
1010;"	Holt	 ";1;"1966-12-14";"1966-11-26";18;f;"	.	 ";"	.	 "
1013;"	Gorton	 ";1;"1969-11-12";"1969-10-25";18;f;"	.	 ";"	.	 "
1016;"	Whitlam	 ";1;"1974-06-12";"1974-05-18";25;f;"	.	 ";"	.	 "
1018;"	Fraser	 ";1;"1975-12-22";"1975-12-13";9;f;"	.	 ";"	.	 "
1019;"	Fraser	 ";1;"1977-12-20";"1977-12-10";10;f;"	.	 ";"	.	 "
1020;"	Fraser	 ";1;"1980-11-03";"1980-10-18";16;f;"	.	 ";"	.	 "
1022;"	Hawke	 ";1;"1984-12-13";"1984-12-01";12;f;"	.	 ";"	.	 "
1023;"	Hawke	 ";1;"1987-07-24";"1987-07-11";13;f;"	.	 ";"	.	 "
1024;"	Hawke	 ";1;"1990-04-04";"1990-03-24";11;f;"	.	 ";"	.	 "
1026;"	Keating	 ";1;"1993-03-24";"1993-03-13";11;f;"	.	 ";"	.	 "
1028;"	Howard	 ";1;"1998-10-21";"1998-10-03";18;f;"	.	 ";"	.	 "
1029;"	Howard	 ";1;"2001-11-26";"2001-11-10";16;f;"	.	 ";"	.	 "
1030;"	Howard	 ";1;"2004-10-26";"2004-10-09";17;f;"	.	 ";"	.	 "
1033;"	Gillard	 ";1;"2010-09-14";"2010-08-21";24;f;"	.	 ";"	.	 "
1036;"Orlowski";1;"2016-01-01";"2013-09-07";846;f;"";""
2009;"	Klaus	 ";2;"1964-04-02";"1962-11-18";501;f;"	.	 ";"	.	 "
2010;"	Klaus	 ";2;"1966-04-19";"1966-03-06";44;f;"	.	 ";"	.	 "
2011;"	Kreisky	 ";2;"1970-04-21";"1970-03-01";51;f;"	.	 ";"	.	 "
2012;"	Kreisky	 ";2;"1971-11-04";"1971-10-10";25;f;"	.	 ";"	.	 "
2013;"	Kreisky	 ";2;"1975-10-28";"1975-10-05";23;f;"	.	 ";"	.	 "
2014;"	Kreisky	 ";2;"1979-06-05";"1979-05-06";30;f;"	.	 ";"	.	 "
2015;"	Sinowatz	 ";2;"1983-05-24";"1983-04-24";30;f;"	.	 ";"	.	 "
2016;"	Vranitzky	 ";2;"1986-06-16";"1983-04-24";1149;f;"	.	 ";"	.	 "
2017;"	Vranitzky	 ";2;"1987-01-21";"1986-11-23";59;f;"	.	 ";"	.	 "
2018;"	Vranitzky	 ";2;"1990-12-17";"1990-10-07";71;f;"	.	 ";"	.	 "
2019;"	Vranitzky	 ";2;"1994-11-29";"1994-10-09";51;f;"	.	 ";"	.	 "
2021;"	Klima	 ";2;"1997-01-28";"1996-10-13";107;f;"	.	 ";"	.	 "
2022;"	Schussel	 ";2;"2000-02-04";"1999-10-03";124;f;"	.	 ";"	.	 "
2023;"	Schussel	 ";2;"2003-02-28";"2002-11-24";96;f;"	.	 ";"	.	 "
2024;"	Schussel	 ";2;"2005-04-17";"2002-11-24";875;f;"	.	 ";"	.	 "
2025;"	Gusenbauer	 ";2;"2007-01-11";"2006-10-01";102;f;"	.	 ";"	.	 "
2026;"	Faymann	 ";2;"2008-12-02";"2008-09-28";65;f;"	.	 ";"	.	 "
2027;"	Faymann	 ";2;"2013-12-16";"2013-09-29";78;f;"	.	 ";"	.	 "
3019;"	Tindemans	 ";3;"1974-06-12";"1974-03-10";94;f;"	.	 ";"	.	 "
4001;"	Mackenzie	 ";4;"1945-08-29";"1945-06-11";79;f;"	.	 ";"	.	 "
4002;"	St-Laurent	 ";4;"1948-11-16";"1945-06-11";1254;f;"	.	 ";"	.	 "
4003;"	St-Laurent	 ";4;"1949-08-25";"1949-06-27";59;f;"	.	 ";"	.	 "
4004;"	St-Laurent	 ";4;"1953-09-17";"1953-08-10";38;f;"	.	 ";"	.	 "
4005;"	Diefenbaker	 ";4;"1957-06-21";"1957-06-10";11;f;"	.	 ";"	.	 "
4006;"	Diefenbaker	 ";4;"1958-05-12";"1958-03-31";42;f;"	.	 ";"	.	 "
4007;"	Diefenbaker	 ";4;"1962-08-09";"1962-06-18";52;f;"	.	 ";"	.	 "
4008;"	Pearson	 ";4;"1963-04-22";"1963-04-08";14;f;"	.	 ";"	.	 "
4009;"	Pearson	 ";4;"1965-12-18";"1965-11-08";40;f;"	.	 ";"	.	 "
4010;"	Trudeau	 ";4;"1968-04-29";"1965-11-08";903;f;"	.	 ";"	.	 "
4011;"	Trudeau	 ";4;"1968-07-06";"1968-06-25";11;f;"	.	 ";"	.	 "
4012;"	Trudeau	 ";4;"1972-11-27";"1972-10-30";28;f;"	.	 ";"	.	 "
4013;"	Trudeau	 ";4;"1974-08-08";"1974-07-08";31;f;"	.	 ";"	.	 "
4014;"	Clark	 ";4;"1979-06-04";"1979-05-22";13;f;"	.	 ";"	.	 "
4015;"	Trudeau	 ";4;"1980-03-03";"1980-02-18";14;f;"	.	 ";"	.	 "
4016;"	Turner	 ";4;"1980-06-30";"1980-02-18";133;f;"	.	 ";"	.	 "
4017;"	Mulrony	 ";4;"1984-09-17";"1984-09-04";13;f;"	.	 ";"	.	 "
4018;"	Mulrony	 ";4;"1988-12-08";"1988-11-21";17;f;"	.	 ";"	.	 "
4021;"	Chretien	 ";4;"1997-06-11";"1997-06-02";9;f;"	.	 ";"	.	 "
4022;"	Chretien	 ";4;"2001-01-09";"2000-11-27";43;f;"	.	 ";"	.	 "
4024;"	Martin	 ";4;"2004-07-20";"2004-06-28";22;f;"	.	 ";"	.	 "
4026;"	Harper	 ";4;"2008-10-30";"2008-10-14";16;f;"	.	 ";"	.	 "
4027;"	Harper	 ";4;"2011-05-18";"2011-05-02";16;f;"	.	 ";"	.	 "
5001;"		 ";5;"1943-12-15";"1943-10-31";45;f;"	.	 ";"	.	 "
5002;"		 ";5;"1947-12-11";"1947-10-26";46;f;"	.	 ";"	.	 "
5003;"		 ";5;"1951-12-23";"1951-10-28";56;f;"	.	 ";"	.	 "
5004;"		 ";5;"1955-12-15";"1955-10-30";46;f;"	.	 ";"	.	 "
5005;"		 ";5;"1959-12-17";"1959-10-25";53;f;"	.	 ";"	.	 "
5006;"		 ";5;"1963-12-12";"1963-10-27";46;f;"	.	 ";"	.	 "
5007;"		 ";5;"1967-12-14";"1967-10-29";46;f;"	.	 ";"	.	 "
5008;"		 ";5;"1971-12-08";"1971-10-31";38;f;"	.	 ";"	.	 "
5009;"		 ";5;"1975-12-10";"1975-10-26";45;f;"	.	 ";"	.	 "
5010;"		 ";5;"1979-12-05";"1979-10-21";45;f;"	.	 ";"	.	 "
5011;"		 ";5;"1983-12-07";"1983-10-23";45;f;"	.	 ";"	.	 "
5012;"		 ";5;"1987-12-09";"1987-10-18";52;f;"	.	 ";"	.	 "
5013;"		 ";5;"1991-12-04";"1991-10-20";45;f;"	.	 ";"	.	 "
5014;"		 ";5;"1995-12-13";"1995-10-22";52;f;"	.	 ";"	.	 "
5015;"		 ";5;"1999-12-15";"1999-10-24";52;f;"	.	 ";"	.	 "
5016;"		 ";5;"2003-12-10";"2003-10-19";52;f;"	.	 ";"	.	 "
5017;"		 ";5;"2007-12-12";"2007-10-21";52;f;"	.	 ";"	.	 "
5018;"		 ";5;"2008-12-10";"2007-10-21";416;f;"	BDP formed from within parliament	 ";"	.	 "
5019;"		 ";5;"2011-12-14";"2011-10-23";52;f;"	.	 ";"	.	 "
6001;"	Adenauer	 ";6;"1949-09-20";"1949-08-14";37;f;"	.	 ";"	.	 "
6002;"	Adenauer	 ";6;"1953-10-20";"1953-09-06";44;f;"	.	 ";"	.	 "
6003;"	Adenauer	 ";6;"1955-07-23";"1953-09-06";685;f;"	.	 ";"	.	 "
6004;"	Adenauer	 ";6;"1956-03-21";"1953-09-06";927;f;"	FDP splitted into FVP with 16 MP	 ";"	.	 "
6005;"	Adenauer	 ";6;"1957-10-29";"1957-09-15";44;f;"	.	 ";"	.	 "
6006;"	Adenauer	 ";6;"1960-07-01";"1957-09-15";1020;f;"	9 DP MPs joined CDU	 ";"	.	 "
6007;"	Adenauer	 ";6;"1961-11-14";"1961-09-17";58;f;"	.	 ";"	.	 "
6008;"	Adenauer	 ";6;"1962-11-19";"1961-09-17";428;f;"	.	 ";"	.	 "
6009;"	Adenauer	 ";6;"1962-12-14";"1961-09-17";453;f;"	.	 ";"	.	 "
6010;"	Erhard	 ";6;"1963-10-16";"1961-09-17";759;f;"	.	 ";"	.	 "
6011;"	Erhard	 ";6;"1965-10-20";"1965-09-19";31;f;"	.	 ";"	.	 "
6012;"	Erhard	 ";6;"1966-10-28";"1965-09-19";404;f;"	.	 ";"	.	 "
6013;"	Kiesinger	 ";6;"1966-12-01";"1965-09-19";438;f;"	.	 ";"	.	 "
6014;"	Brandt	 ";6;"1969-10-21";"1969-09-28";23;f;"	Some MPs of SPD and FDP defected from their parties and joined CDU	 ";"	.	 "
6015;"	Brandt	 ";6;"1972-12-14";"1972-11-19";25;f;"	.	 ";"	.	 "
6016;"	Schmidt	 ";6;"1974-05-16";"1972-11-19";543;f;"	.	 ";"	.	 "
6017;"	Schmidt	 ";6;"1976-12-15";"1976-10-03";73;f;"	.	 ";"	.	 "
6018;"	Schmidt	 ";6;"1980-11-05";"1980-10-05";31;f;"	.	 ";"	.	 "
6019;"	Schmidt	 ";6;"1982-09-17";"1980-10-05";712;f;"	.	 ";"	.	 "
6020;"	Kohl	 ";6;"1982-10-01";"1980-10-05";726;f;"	.	 ";"	.	 "
6021;"	Kohl	 ";6;"1983-03-29";"1983-03-06";23;f;"	.	 ";"	.	 "
6022;"	Kohl	 ";6;"1987-03-11";"1987-01-25";45;f;"	.	 ";"	.	 "
6023;"	Kohl	 ";6;"1990-10-04";"1987-01-25";1348;f;"	.	 ";"	.	 "
6024;"	Kohl	 ";6;"1991-01-17";"1990-12-02";46;f;"	.	 ";"	.	 "
6025;"	Kohl	 ";6;"1994-11-15";"1994-10-16";30;f;"	.	 ";"	.	 "
6026;"	Schroder	 ";6;"1998-10-27";"1998-09-27";30;f;"	.	 ";"	.	 "
6027;"	Schroder	 ";6;"2002-10-22";"2002-09-22";30;f;"	.	 ";"	.	 "
6028;"	Merkel	 ";6;"2005-11-22";"2005-09-18";65;f;"	.	 ";"	.	 "
6029;"	Merkel	 ";6;"2009-10-28";"2009-09-27";31;f;"	.	 ";"	.	 "
6030;"	Merkel	 ";6;"2013-12-17";"2013-09-22";86;f;"	.	 ";"	.	 "
7001;"	Scavenius	 ";7;"1943-08-29";"1943-03-23";159;f;"	.	 ";"	.	 "
7005;"	Hedtoft	 ";7;"1950-09-16";"1950-09-05";11;f;"	.	 ";"	.	 "
7007;"	Eriksen	 ";7;"1953-05-05";"1953-04-21";14;f;"	.	 ";"	.	 "
7015;"	Krag	 ";7;"1966-11-28";"1966-11-22";6;f;"	.	 ";"	.	 "
7021;"	Jorgensen	 ";7;"1977-02-26";"1977-02-15";11;f;"	.	 ";"	.	 "
7026;"	Schluter	 ";7;"1984-07-23";"1984-01-10";195;f;"	.	 ";"	.	 "
8003;"	Calvo Sotelo	 ";8;"1981-02-26";"1979-03-01";728;f;"	.	 ";"	.	 "
9001;"	Paasikivi	 ";9;"1945-04-17";"1945-03-18";30;f;"	.	 ";"	.	 "
9002;"	Pekkala	 ";9;"1946-03-26";"1945-03-18";373;f;"	.	 ";"	.	 "
9003;"	Fagerholm	 ";9;"1948-07-29";"1948-07-02";27;f;"	.	 ";"	.	 "
9004;"	Kekkonen	 ";9;"1950-03-17";"1948-07-02";623;f;"	.	 ";"	.	 "
9005;"	Kekkonen	 ";9;"1951-01-17";"1948-07-02";929;f;"	.	 ";"	.	 "
9006;"	Kekkonen	 ";9;"1951-03-21";"1948-07-02";992;f;"	.	 ";"	.	 "
9007;"	Kekkonen	 ";9;"1951-09-20";"1951-07-03";79;f;"	.	 ";"	.	 "
9008;"	Kekkonen	 ";9;"1953-07-09";"1951-07-03";737;f;"	.	 ";"	.	 "
9009;"	Tuomioja	 ";9;"1953-11-17";"1951-07-03";868;f;"	.	 ";"	.	 "
9010;"	Torngren	 ";9;"1954-05-05";"1954-03-08";58;f;"	.	 ";"	.	 "
9011;"	Kekkonen	 ";9;"1954-10-20";"1954-03-08";226;f;"	.	 ";"	.	 "
9012;"	Fagerholm	 ";9;"1956-03-03";"1954-03-08";726;f;"	.	 ";"	.	 "
9013;"	Sukselainen	 ";9;"1957-05-27";"1954-03-08";1176;f;"	.	 ";"	.	 "
9014;"	Sukselainen	 ";9;"1957-07-02";"1954-03-08";1212;f;"	.	 ";"	.	 "
9015;"	Sukselainen	 ";9;"1957-09-02";"1954-03-08";1274;f;"	.	 ";"	.	 "
9016;"	von Fieandt	 ";9;"1957-11-29";"1954-03-08";1362;f;"	.	 ";"	.	 "
9017;"	Kuuskoski	 ";9;"1958-04-26";"1954-03-08";1510;f;"	.	 ";"	.	 "
9018;"	Fagerholm	 ";9;"1958-08-29";"1958-07-07";53;f;"	.	 ";"	.	 "
9019;"	Sukselainen	 ";9;"1959-01-13";"1958-07-07";190;f;"	.	 ";"	.	 "
9020;"	Miettunen	 ";9;"1961-07-14";"1958-07-07";1103;f;"	.	 ";"	.	 "
9021;"	Karjalainen	 ";9;"1962-04-13";"1962-02-05";67;f;"	.	 ";"	.	 "
9022;"	Lehto	 ";9;"1963-12-18";"1962-02-05";681;f;"	.	 ";"	.	 "
9023;"	Virolaeinen	 ";9;"1964-09-12";"1962-02-05";950;f;"	.	 ";"	.	 "
9024;"	Paasio	 ";9;"1966-05-27";"1966-03-21";67;f;"	.	 ";"	.	 "
9025;"	Koivisto	 ";9;"1968-03-22";"1966-03-21";732;f;"	.	 ";"	.	 "
9026;"	Aura	 ";9;"1970-05-14";"1970-03-16";59;f;"	.	 ";"	.	 "
9027;"	Karjalainen	 ";9;"1970-07-15";"1970-03-16";121;f;"	.	 ";"	.	 "
9028;"	Karjalainen	 ";9;"1971-03-26";"1970-03-16";375;f;"	.	 ";"	.	 "
9029;"	Aura	 ";9;"1971-10-29";"1970-03-16";592;f;"	.	 ";"	.	 "
9030;"	Paasio	 ";9;"1972-02-23";"1972-01-03";51;f;"	.	 ";"	.	 "
9031;"	Sorsa	 ";9;"1972-09-04";"1972-01-03";245;f;"	.	 ";"	.	 "
9032;"	Liinamaa	 ";9;"1975-06-13";"1972-01-03";1257;f;"	.	 ";"	.	 "
9033;"	Miettunen	 ";9;"1975-11-30";"1975-09-22";69;f;"	.	 ";"	.	 "
9034;"	Miettunen	 ";9;"1976-09-29";"1975-09-22";373;f;"	.	 ";"	.	 "
9035;"	Sorsa	 ";9;"1977-09-04";"1975-09-22";713;f;"	.	 ";"	.	 "
9036;"	Sorsa	 ";9;"1978-03-02";"1975-09-22";892;f;"	.	 ";"	.	 "
9037;"	Koivisto	 ";9;"1979-05-26";"1979-03-19";68;f;"	.	 ";"	.	 "
9038;"	Sorsa	 ";9;"1982-02-19";"1979-03-19";1068;f;"	.	 ";"	.	 "
9039;"	Sorsa	 ";9;"1982-12-30";"1979-03-19";1382;f;"	.	 ";"	.	 "
9040;"	Sorsa	 ";9;"1983-05-06";"1983-03-21";46;f;"	.	 ";"	.	 "
9041;"	Holkeri	 ";9;"1987-04-30";"1987-03-16";45;f;"	.	 ";"	.	 "
9042;"	Holkeri	 ";9;"1990-08-28";"1987-03-16";1261;f;"	.	 ";"	.	 "
9043;"	Aho	 ";9;"1991-04-26";"1991-03-17";40;f;"	.	 ";"	.	 "
9044;"	Aho	 ";9;"1994-06-20";"1991-03-17";1191;f;"	.	 ";"	.	 "
9045;"	Lipponen	 ";9;"1995-04-13";"1995-03-19";25;f;"	.	 ";"	.	 "
9046;"	Lipponen	 ";9;"1999-04-15";"1999-03-21";25;f;"	.	 ";"	.	 "
9047;"	Jaatteenmaki	 ";9;"2003-04-17";"2003-03-16";32;f;"	.	 ";"	.	 "
9048;"	Vanhanen	 ";9;"2003-06-24";"2003-03-16";100;f;"	.	 ";"	.	 "
9049;"	Vanhanen	 ";9;"2007-04-19";"2007-03-18";32;f;"	.	 ";"	.	 "
9050;"	Kiviniemi	 ";9;"2010-06-22";"2007-03-18";1192;f;"	.	 ";"	.	 "
9051;"	Kaatainen	 ";9;"2011-06-22";"2011-04-17";66;f;"	.	 ";"	.	 "
10005;"	Eden	 ";10;"1955-05-27";"1955-05-26";1;f;"	.	 ";"	.	 "
10007;"	MacMillan	 ";10;"1959-10-15";"1959-10-08";7;f;"	.	 ";"	.	 "
10010;"	Wilson	 ";10;"1966-04-06";"1966-03-31";6;f;"	.	 ";"	.	 "
10016;"	Thatcher	 ";10;"1983-06-12";"1983-06-09";3;f;"	.	 ";"	.	 "
10017;"	Thatcher	 ";10;"1987-06-13";"1987-06-11";2;f;"	.	 ";"	.	 "
10019;"	Mayor	 ";10;"1992-04-11";"1992-04-09";2;f;"	.	 ";"	.	 "
10021;"	Blair	 ";10;"2001-06-08";"2001-06-07";1;f;"	.	 ";"	.	 "
10022;"	Blair	 ";10;"2005-06-06";"2005-05-05";32;f;"	.	 ";"	.	 "
10024;"	Cameron	 ";10;"2010-05-11";"2010-05-06";5;f;"	.	 ";"	.	 "
11002;"	Karamanlis, C.	 ";11;"1977-11-28";"1977-11-20";8;f;"	.	 ";"	.	 "
11009;"	Zalotas	 ";11;"1990-02-13";"1989-11-05";100;f;"	.	 ";"	.	 "
12027;"	Kenny	 ";12;"2011-03-09";"2011-02-25";12;f;"	.	 ";"	.	 "
14006;"	Bech	 ";14;"1954-06-29";"1954-05-30";30;f;"	.	 ";"	.	 "
14007;"	Frieden	 ";14;"1958-03-29";"1954-05-30";1399;f;"	.	 ";"	.	 "
14008;"	Werner	 ";14;"1959-03-02";"1959-02-01";29;f;"	.	 ";"	.	 "
14009;"	Werner	 ";14;"1964-07-15";"1964-06-07";38;f;"	.	 ";"	.	 "
14010;"	Werner	 ";14;"1969-02-06";"1968-12-15";53;f;"	.	 ";"	.	 "
14011;"	Thorn	 ";14;"1974-06-15";"1974-05-26";20;f;"	.	 ";"	.	 "
14012;"	Werner	 ";14;"1979-07-16";"1979-06-10";36;f;"	.	 ";"	.	 "
14013;"	Santer	 ";14;"1984-07-20";"1984-06-17";33;f;"	.	 ";"	.	 "
14014;"	Santer	 ";14;"1989-07-14";"1989-06-18";26;f;"	.	 ";"	.	 "
14015;"	Santer	 ";14;"1994-07-13";"1994-06-12";31;f;"	.	 ";"	.	 "
14016;"	Juncker	 ";14;"1995-01-26";"1994-06-12";228;f;"	.	 ";"	.	 "
14017;"	Juncker	 ";14;"1999-08-07";"1999-06-13";55;f;"	.	 ";"	.	 "
14018;"	Juncker	 ";14;"2004-07-31";"2004-06-13";48;f;"	.	 ";"	.	 "
14019;"	Juncker	 ";14;"2009-07-23";"2009-06-07";46;f;"	.	 ";"	.	 "
14020;"	Bettel	 ";14;"2013-12-04";"2013-10-20";45;f;"	.	 ";"	wikipedia	 "
15001;"	Beel	 ";15;"1946-07-03";"1946-05-17";47;f;"	.	 ";"	.	 "
15002;"	Drees	 ";15;"1948-08-07";"1948-07-05";33;f;"	.	 ";"	.	 "
15003;"	Drees	 ";15;"1951-03-15";"1948-07-05";983;f;"	not different from Drees I (except for Indepenents)	 ";"	.	 "
15004;"	Drees	 ";15;"1952-09-02";"1952-06-25";69;f;"	.	 ";"	.	 "
15005;"	Drees	 ";15;"1956-10-13";"1956-06-13";122;f;"	.	 ";"	.	 "
15006;"	Beel	 ";15;"1958-12-22";"1956-06-13";922;f;"	.	 ";"	.	 "
15007;"	de Quay	 ";15;"1959-05-19";"1959-03-12";68;f;"	.	 ";"	.	 "
15008;"	Marijnen	 ";15;"1963-07-24";"1963-05-15";70;f;"	.	 ";"	.	 "
15009;"	Cals	 ";15;"1965-04-14";"1963-05-15";700;f;"	.	 ";"	.	 "
15010;"	Zijlstra	 ";15;"1966-11-22";"1963-05-15";1287;f;"	.	 ";"	.	 "
15011;"	de Jong	 ";15;"1967-04-05";"1967-02-15";49;f;"	.	 ";"	.	 "
15012;"	Biesheuvel	 ";15;"1971-07-06";"1971-03-28";100;f;"	.	 ";"	.	 "
15013;"	Biesheuvel	 ";15;"1972-08-17";"1971-03-28";508;f;"	.	 ";"	.	 "
15014;"	den Uyl	 ";15;"1973-05-11";"1972-11-29";163;f;"	.	 ";"	.	 "
15015;"	van Agt	 ";15;"1977-12-19";"1977-05-25";208;f;"	.	 ";"	.	 "
15016;"	van Agt	 ";15;"1981-09-11";"1981-05-26";108;f;"	.	 ";"	.	 "
15017;"	van Agt	 ";15;"1982-05-29";"1981-05-26";368;f;"	.	 ";"	.	 "
15018;"	Lubbers	 ";15;"1982-11-04";"1982-09-08";57;f;"	.	 ";"	.	 "
15019;"	Lubbers	 ";15;"1986-07-14";"1986-05-21";54;f;"	.	 ";"	.	 "
15020;"	Lubbers	 ";15;"1989-11-07";"1989-09-06";62;f;"	.	 ";"	.	 "
15021;"	Kok	 ";15;"1994-08-22";"1994-05-03";111;f;"	.	 ";"	.	 "
15022;"	Kok	 ";15;"1998-08-03";"1998-05-06";89;f;"	.	 ";"	.	 "
15023;"	Balkenende	 ";15;"2002-07-22";"2002-05-15";68;f;"	.	 ";"	.	 "
15024;"	Balkenende	 ";15;"2003-05-27";"2003-01-22";125;f;"	.	 ";"	.	 "
15025;"	Balkenende	 ";15;"2006-07-07";"2003-01-22";1262;f;"	.	 ";"	.	 "
15026;"	Balkenende	 ";15;"2007-02-22";"2006-11-22";92;f;"	.	 ";"	.	 "
15027;"	Rutte	 ";15;"2010-10-14";"2010-06-09";127;f;"	.	 ";"	.	 "
15028;"	Rutte	 ";15;"2012-11-05";"2012-09-12";54;f;"	.	 ";"	.	 "
16001;"	Gerhardsen	 ";16;"1945-11-05";"1945-10-08";28;f;"	.	 ";"	.	 "
16002;"	Gerhardsen	 ";16;"1949-10-09";"1945-10-08";1462;f;"	old cabinet in office with new electoral results, therefore start of gov and election date is the same	 ";"	.	 "
16003;"	Thorpe	 ";16;"1951-11-16";"1949-10-10";767;f;"	.	 ";"	.	 "
16004;"	Thorpe	 ";16;"1953-10-12";"1953-10-12";0;f;"	old cabinet in office with new electoral results, therefore start of gov and election date is the same	 ";"	.	 "
16005;"	Gerhardsen	 ";16;"1955-01-22";"1953-10-12";467;f;"	.	 ";"	.	 "
16006;"	Gerhardsen	 ";16;"1957-10-07";"1957-10-07";0;f;"	old cabinet in office with new electoral results, therefore start of gov and election date is the same	 ";"	.	 "
16007;"	Gerhardsen	 ";16;"1961-09-11";"1961-09-11";0;f;"	old cabinet in office with new electoral results, therefore start of gov and election date is the same	 ";"	.	 "
16008;"	Lyng	 ";16;"1963-08-28";"1961-09-11";716;f;"	.	 ";"	.	 "
16009;"	Gerhardsen	 ";16;"1963-09-25";"1961-09-11";744;f;"	.	 ";"	.	 "
16010;"	Borten	 ";16;"1965-10-12";"1965-09-12";30;f;"	.	 ";"	.	 "
16011;"	Borten	 ";16;"1969-09-07";"1969-09-07";0;f;"	old cabinet in office with new electoral results, therefore start of gov and election date is the same	 ";"	.	 "
16012;"	Bratteli	 ";16;"1971-03-17";"1969-09-07";556;f;"	.	 ";"	.	 "
16013;"	Korvald	 ";16;"1972-10-18";"1969-09-07";1137;f;"	.	 ";"	.	 "
16014;"	Bratelis	 ";16;"1973-10-16";"1973-09-09";37;f;"	.	 ";"	.	 "
16015;"	Nordlis	 ";16;"1976-01-15";"1973-09-09";858;f;"	.	 ";"	.	 "
16016;"	Nordlis	 ";16;"1977-09-11";"1977-09-11";0;f;"	old cabinet in office with new electoral results, therefore start of gov and election date is the same	 ";"	.	 "
16017;"	Brundtland	 ";16;"1981-02-04";"1977-09-11";1242;f;"	.	 ";"	.	 "
16018;"	Willoch	 ";16;"1981-10-14";"1981-09-14";30;f;"	.	 ";"	.	 "
16019;"	Willoch	 ";16;"1983-06-08";"1981-09-14";632;f;"	.	 ";"	.	 "
16020;"	Willoch	 ";16;"1985-11-26";"1985-09-08";79;f;"	.	 ";"	.	 "
16021;"	Brundtland	 ";16;"1986-05-09";"1985-09-08";243;f;"	.	 ";"	.	 "
16022;"	Syse	 ";16;"1989-10-16";"1989-09-11";35;f;"	.	 ";"	.	 "
16023;"	Brundtland	 ";16;"1990-11-03";"1989-09-11";418;f;"	.	 ";"	.	 "
16024;"	Brundtland	 ";16;"1993-09-13";"1993-09-13";0;f;"	old cabinet in office with new electoral results, therefore start of gov and election date is the same	 ";"	.	 "
16025;"	Jagland	 ";16;"1996-10-25";"1993-09-13";1138;f;"	.	 ";"	.	 "
16026;"	Bondevik	 ";16;"1997-10-17";"1997-09-16";31;f;"	.	 ";"	.	 "
16027;"	Stoltenberg	 ";16;"2000-03-17";"1997-09-16";913;f;"	.	 ";"	.	 "
16028;"	Bondevik	 ";16;"2001-10-19";"2001-09-10";39;f;"	.	 ";"	.	 "
16029;"	Stoltenberg	 ";16;"2005-10-17";"2005-09-12";35;f;"	.	 ";"	.	 "
16030;"	Stoltenberg	 ";16;"2009-10-20";"2009-09-24";26;f;"	.	 ";"	.	 "
16031;"	Solberg	 ";16;"2013-10-16";"2013-09-09";37;f;"	.	 ";"	http://www.regjeringen.no/en/the-government/solberg/members-of-the-government-2.html?id=543170	 "
18001;"	Hansson	 ";18;"1945-07-31";"1944-09-17";317;f;"	.	 ";"	.	 "
18002;"	Erlander	 ";18;"1946-10-11";"1944-09-17";754;f;"	.	 ";"	.	 "
18003;"	Erlander	 ";18;"1948-10-28";"1948-09-19";39;f;"	.	 ";"	.	 "
18004;"	Erlander	 ";18;"1951-10-01";"1948-09-19";1107;f;"	.	 ";"	.	 "
18005;"	Erlander	 ";18;"1952-09-21";"1952-09-21";0;f;"	old cabinet in office with new electoral results, therefore start of gov and election date is the same	 ";"	.	 "
18006;"	Erlander	 ";18;"1956-09-26";"1956-09-16";10;f;"	.	 ";"	.	 "
18007;"	Erlander	 ";18;"1957-10-31";"1956-09-16";410;f;"	.	 ";"	.	 "
18008;"	Erlander	 ";18;"1958-06-02";"1958-06-01";1;f;"	.	 ";"	.	 "
18009;"	Erlander	 ";18;"1960-10-01";"1960-09-18";13;f;"	.	 ";"	.	 "
18010;"	Erlander	 ";18;"1964-10-04";"1964-09-20";14;f;"	.	 ";"	.	 "
18011;"	Erlander	 ";18;"1968-09-29";"1968-09-15";14;f;"	.	 ";"	.	 "
18012;"	Palme	 ";18;"1969-10-15";"1968-09-15";395;f;"	.	 ";"	.	 "
18013;"	Palme	 ";18;"1970-09-29";"1970-09-20";9;f;"	.	 ";"	.	 "
18014;"	Palme	 ";18;"1973-10-31";"1973-09-16";45;f;"	.	 ";"	.	 "
18019;"	Palme	 ";18;"1982-10-08";"1982-09-19";19;f;"	.	 ";"	.	 "
18022;"	Carlsson	 ";18;"1988-10-04";"1988-09-18";16;f;"	Carlsson II resigned in early February 1990 due an emergency package that had been voted down by parliament; assumed office again on 26.02.1990; but nothing changes. No new cabinet in our data.	 ";"	.	 "
18026;"	Persson	 ";18;"1998-10-06";"1998-09-20";16;f;"	.	 ";"	.	 "
18029;"	Reinfeldt	 ";18;"2010-09-19";"2010-09-19";0;f;"	old cabinet in office with new electoral results, therefore start of gov and election date is the same; no official vote of investiture	 ";"	.	 "
19001;"	Roosevelt	 ";19;"1945-01-20";"1944-11-07";74;f;"	.	 ";"	.	 "
19002;"	Truman	 ";19;"1945-04-12";"1944-11-07";156;f;"	.	 ";"	.	 "
19003;"	Truman	 ";19;"1949-01-20";"1948-11-02";79;f;"	.	 ";"	.	 "
19004;"	Eisenhower	 ";19;"1953-01-20";"1952-11-04";77;f;"	.	 ";"	.	 "
19005;"	Eisenhower	 ";19;"1957-01-20";"1956-11-06";75;f;"	.	 ";"	.	 "
19006;"	Kennedy	 ";19;"1961-01-20";"1960-11-08";73;f;"	.	 ";"	.	 "
19007;"	Johnson	 ";19;"1963-11-22";"1962-11-06";381;f;"	.	 ";"	.	 "
19008;"	Johnson	 ";19;"1965-01-20";"1964-11-03";78;f;"	.	 ";"	.	 "
19009;"	Nixon	 ";19;"1969-01-20";"1968-11-05";76;f;"	.	 ";"	.	 "
19010;"	Nixon	 ";19;"1973-01-20";"1972-11-07";74;f;"	.	 ";"	.	 "
19011;"	Ford	 ";19;"1974-08-09";"1972-11-07";640;f;"	.	 ";"	.	 "
19012;"	Carter	 ";19;"1977-01-20";"1976-11-02";79;f;"	.	 ";"	.	 "
19013;"	Reagan	 ";19;"1981-01-20";"1980-11-04";77;f;"	.	 ";"	.	 "
19014;"	Reagan	 ";19;"1985-01-20";"1984-11-06";75;f;"	.	 ";"	.	 "
19015;"	Bush Senior	 ";19;"1989-01-20";"1988-11-08";73;f;"	.	 ";"	.	 "
19016;"	Clinton	 ";19;"1993-01-20";"1992-11-03";78;f;"	.	 ";"	.	 "
19017;"	Clinton	 ";19;"1997-01-20";"1996-11-05";76;f;"	.	 ";"	.	 "
19018;"	Bush Junior	 ";19;"2001-01-20";"2000-11-07";74;f;"	.	 ";"	.	 "
19019;"	Bush Junior	 ";19;"2005-01-20";"2004-11-02";79;f;"	.	 ";"	.	 "
19020;"	Obama	 ";19;"2009-01-20";"2008-11-04";77;f;"	.	 ";"	.	 "
19021;"	Obama	 ";19;"2013-01-20";"2012-11-06";75;f;"	.	 ";"	.	 "
20002;"	David Ben-Gurion	 ";20;"1951-02-14";"1949-01-25";750;f;"	.	 ";"	.	 "
20008;"	David Ben-Gurion	 ";20;"1959-07-05";"1955-07-26";1440;f;"	.	 ";"	.	 "
20013;"	Levi Eshkol	 ";20;"1967-06-01";"1965-11-01";577;f;"	.	 ";"	.	 "
20014;"	Levi Eshkol	 ";20;"1968-01-23";"1965-11-01";813;f;"	.	 ";"	.	 "
20015;"	Levi Eshkol	 ";20;"1969-01-28";"1965-11-01";1184;f;"	.	 ";"	.	 "
20018;"	Golda Meir	 ";20;"1970-08-04";"1969-10-28";280;f;"	.	 ";"	.	 "
20021;"	Yitzhak Rabin	 ";20;"1974-10-29";"1973-12-31";302;f;"	.	 ";"	.	 "
20022;"	Yitzhak Rabin	 ";20;"1976-12-21";"1973-12-31";1086;f;"	.	 ";"	.	 "
20024;"	Menachem Begin	 ";20;"1977-10-24";"1977-05-17";160;f;"	.	 ";"	.	 "
20025;"	Menachem Begin	 ";20;"1981-08-05";"1981-06-30";36;f;"	.	 ";"	.	 "
20028;"	Yitzhak Shamir	 ";20;"1984-06-23";"1984-06-23";0;f;"	.	 ";"	.	 "
20031;"	Yitzhak Shamir	 ";20;"1987-05-26";"1984-06-23";1067;f;"	.	 ";"	.	 "
20034;"	Yitzhak Shamir	 ";20;"1991-02-03";"1988-11-01";824;f;"	.	 ";"	.	 "
20035;"	Yitzhak Shamir	 ";20;"1992-01-22";"1988-11-01";1177;f;"	.	 ";"	.	 "
20037;"	Yitzhak Rabin	 ";20;"1993-09-15";"1992-06-23";449;f;"	.	 ";"	.	 "
20038;"	Yitzhak Rabin	 ";20;"1995-01-09";"1992-06-23";930;f;"	.	 ";"	.	 "
20042;"	Ehud Barak	 ";20;"1999-08-27";"1999-05-17";102;f;"	.	 ";"	.	 "
20043;"	Ehud Barak	 ";20;"2000-06-24";"1999-05-17";404;f;"	.	 ";"	.	 "
20044;"	Ehud Barak	 ";20;"2000-07-12";"1999-05-17";422;f;"	comment that Barak resigned and started over with same coalition	 ";"	.	 "
20046;"	Ariel Sharon	 ";20;"2001-04-01";"1999-05-17";685;f;"	.	 ";"	.	 "
20047;"	Ariel Sharon	 ";20;"2001-08-29";"1999-05-17";835;f;"	.	 ";"	.	 "
20048;"	Ariel Sharon	 ";20;"2002-03-08";"1999-05-17";1026;f;"	.	 ";"	.	 "
20049;"	Ariel Sharon	 ";20;"2002-03-14";"1999-05-17";1032;f;"	.	 ";"	.	 "
20050;"	Ariel Sharon	 ";20;"2002-11-02";"1999-05-17";1265;f;"	.	 ";"	.	 "
20052;"	Ariel Sharon	 ";20;"2004-06-06";"2003-01-28";495;f;"	.	 ";"	.	 "
20053;"	Ariel Sharon	 ";20;"2004-11-11";"2003-01-28";653;f;"	.	 ";"	.	 "
20054;"	Ariel Sharon	 ";20;"2004-12-04";"2003-01-28";676;f;"	.	 ";"	.	 "
20055;"	Ariel Sharon	 ";20;"2005-01-10";"2003-01-28";713;f;"	.	 ";"	.	 "
20056;"	Ariel Sharon	 ";20;"2005-03-30";"2003-01-28";792;f;"	.	 ";"	.	 "
20057;"	Ariel Sharon	 ";20;"2005-11-23";"2003-01-28";1030;f;"	.	 ";"	.	 "
20058;"	Ariel Sharon	 ";20;"2006-01-15";"2003-01-28";1083;f;"	.	 ";"	.	 "
20060;"	Ehud Olmert	 ";20;"2006-10-30";"2006-03-28";216;f;"	.	 ";"	.	 "
20061;"	Ehud Olmert	 ";20;"2008-01-18";"2006-03-28";661;f;"	.	 ";"	.	 "
20063;"	Benjamin Netanyahu	 ";20;"2011-01-17";"2009-02-10";706;f;"	.	 ";"	.	 "
21001;"	Patricio Aylwin Azocar	 ";21;"1990-03-11";"1989-12-14";87;f;"	.	 ";"	.	 "
21002;"	Eduardo Frei Ruiz-Tagle	 ";21;"1994-03-11";"1993-12-11";90;f;"	.	 ";"	.	 "
21003;"	Ricardo Lagos Escobar	 ";21;"2000-03-11";"1997-12-11";821;f;"	.	 ";"	.	 "
21004;"	Michelle Bachelet Jeria	 ";21;"2006-03-11";"2005-12-11";90;f;"	.	 ";"	.	 "
21005;"	Sebastian Pinera Echenique	 ";21;"2010-03-11";"2009-12-13";88;f;"	.	 ";"	.	 "
21006;"	Michelle Bachelet Jeria	 ";21;"2014-03-11";"2013-11-17";114;f;"	.	 ";"	wikipedia	 "
23005;"	Tiit Vahi	 ";23;"1996-12-02";"1995-03-05";638;f;"	.	 ";"	.	 "
23012;"	Andrus Ansip	 ";23;"2009-06-04";"2007-03-04";823;f;"	.	 ";"	.	 "
24001;"	Antall	 ";24;"1990-05-23";"1990-04-08";45;f;"	.	 ";"	.	 "
24002;"	Boross	 ";24;"1993-12-21";"1990-04-08";1353;f;"	.	 ";"	.	 "
24003;"	Horn	 ";24;"1994-07-15";"1994-05-29";47;f;"	IND listed as in government	 ";"	.	 "
24004;"	Orban	 ";24;"1998-07-06";"1998-05-24";43;f;"	.	 ";"	.	 "
24005;"	Medgyessy	 ";24;"2002-04-27";"2002-04-21";6;f;"	.	 ";"	.	 "
24006;"	Gyurcsany	 ";24;"2004-09-29";"2002-04-21";892;f;"	.	 ";"	.	 "
24007;"	Gyurcsany	 ";24;"2006-06-09";"2006-04-23";47;f;"	.	 ";"	.	 "
24008;"	Gyurcsany	 ";24;"2008-05-02";"2006-04-23";740;f;"	.	 ";"	.	 "
24009;"	Bajnai	 ";24;"2009-04-14";"2006-04-23";1087;f;"	.	 ";"	.	 "
24010;"	Orban	 ";24;"2010-05-29";"2010-04-25";34;f;"	.	 ";"	.	 "
24011;"	Orban	 ";24;"2014-05-10";"2014-04-06";34;f;"	.	 ";"	wikipedia	 "
25003;"	Hanna Suchocka	 ";25;"1992-07-10";"1991-10-27";257;f;"	apparently Polish Convention (PK) was created in 1992 and entered coalition (no date available); Polish Liberal Program (PPL) also apparently joined coalition (no date or any information)	 ";"	.	 "
25004;"	Hanna Suchocka	 ";25;"1993-04-29";"1991-10-27";550;f;"	.	 ";"	.	 "
25006;"	Josef Olesky	 ";25;"1995-05-06";"1993-09-19";594;f;"	IND listed as in government	 ";"	.	 "
25007;"	Wlodzimierz Cimoszewicz	 ";25;"1996-02-07";"1993-09-19";871;f;"	.	 ";"	.	 "
25009;"	Jerzy Buzek	 ";25;"2000-06-29";"1997-09-21";1012;f;"	IND listed as in government	 ";"	.	 "
25012;"	Marek Belka	 ";25;"2004-07-15";"2001-09-23";1026;f;"	IND listed as in government	 ";"	.	 "
25014;"	Kazimierz Marcinkiewicz	 ";25;"2006-05-05";"2005-09-25";222;f;"	IND listed as in government	 ";"	.	 "
25016;"	Jaroslaw Kaczynski	 ";25;"2007-08-13";"2005-09-25";687;f;"	IND listed as in government	 ";"	.	 "
26001;"	Vladimir Meciar	 ";26;"1993-01-12";"1992-06-05";221;f;"	.	 ";"	.	 "
26002;"	Vladimir Meciar	 ";26;"1993-03-19";"1992-06-05";287;f;"	.	 ";"	.	 "
26003;"	Vladimir Meciar	 ";26;"1993-11-17";"1992-06-05";530;f;"	.	 ";"	.	 "
26004;"	Josef Moravcik	 ";26;"1994-03-15";"1992-06-05";648;f;"	.	 ";"	.	 "
26005;"	Vladimir Meciar	 ";26;"1994-12-13";"1994-10-01";73;f;"	.	 ";"	.	 "
26006;"	Mikulas Dzurinda	 ";26;"1998-10-30";"1998-09-26";34;f;"	.	 ";"	.	 "
26007;"	Mikulas Dzurinda	 ";26;"2002-10-16";"2002-09-21";25;f;"	.	 ";"	.	 "
26008;"	Mikulas Dzurinda	 ";26;"2006-02-08";"2002-09-21";1236;f;"	.	 ";"	.	 "
26009;"	Robert Fico	 ";26;"2006-07-04";"2006-06-17";17;f;"	.	 ";"	.	 "
26010;"	Iveta Radicova	 ";26;"2010-07-09";"2010-06-12";27;f;"	.	 ";"	.	 "
26011;"	Iveta Radicova	 ";26;"2011-10-20";"2010-06-12";495;f;"	.	 ";"	.	 "
26012;"	Robert Fico	 ";26;"2012-04-04";"2012-03-10";25;f;"	.	 ";"	.	 "
27001;"	Drnovsek	 ";27;"1993-01-12";"1992-12-06";37;f;"	.	 ";"	.	 "
27002;"	Drnovsek	 ";27;"1994-03-29";"1992-12-06";478;f;"	.	 ";"	.	 "
27003;"	Drnovsek	 ";27;"1996-02-07";"1992-12-06";1158;f;"	.	 ";"	.	 "
27004;"	Drnovsek	 ";27;"1997-02-27";"1996-11-10";109;f;"	.	 ";"	.	 "
27005;"	Bajuk	 ";27;"2000-06-07";"1996-11-10";1305;f;"	.	 ";"	.	 "
27006;"	Drnovsek	 ";27;"2000-11-30";"2000-10-15";46;f;"	.	 ";"	.	 "
27007;"	Rop	 ";27;"2002-12-19";"2000-10-15";795;f;"	.	 ";"	.	 "
27008;"	Rop	 ";27;"2004-04-20";"2000-10-15";1283;f;"	.	 ";"	.	 "
27009;"	Jansa	 ";27;"2004-12-03";"2004-10-03";61;f;"	.	 ";"	.	 "
27010;"	Pahor	 ";27;"2008-11-21";"2008-09-21";61;f;"	.	 ";"	.	 "
27011;"	Jansa	 ";27;"2012-02-04";"2011-12-04";62;f;"	.	 ";"	.	 "
27012;"	Bratusek	 ";27;"2013-03-20";"2011-12-04";472;f;"	.	 ";"	wikipedia	 "
28001;"	Menderes	 ";28;"1951-03-09";"1950-05-14";299;f;"	.	 ";"	.	 "
28002;"	Menderes	 ";28;"1954-05-17";"1954-05-02";15;f;"	.	 ";"	.	 "
28003;"	Menderes	 ";28;"1957-11-25";"1957-10-27";29;f;"	.	 ";"	.	 "
28004;"	Gursel	 ";28;"1960-05-30";"1957-10-27";946;f;"	caretaker/military	 ";"	.	 "
28005;"	Inonu	 ";28;"1961-11-20";"1961-10-15";36;f;"	.	 ";"	.	 "
28006;"	Inonu	 ";28;"1962-06-25";"1961-10-15";253;f;"	.	 ";"	.	 "
28007;"	Inonu	 ";28;"1963-12-25";"1961-10-15";801;f;"	.	 ";"	.	 "
28008;"	Urguplu	 ";28;"1965-02-20";"1961-10-15";1224;f;"	Millet Partisi listed as party in government	 ";"	.	 "
28009;"	Demirel	 ";28;"1965-10-27";"1965-10-10";17;f;"	.	 ";"	.	 "
28010;"	Demirel	 ";28;"1969-11-03";"1969-10-12";22;f;"	.	 ";"	.	 "
28011;"	Erim	 ";28;"1971-03-26";"1969-10-12";530;f;"	caretaker/military	 ";"	.	 "
28012;"	Melen	 ";28;"1972-05-22";"1969-10-12";953;f;"	.	 ";"	.	 "
28013;"	Talu	 ";28;"1973-04-15";"1969-10-12";1281;f;"	.	 ";"	.	 "
28014;"	Ecevit	 ";28;"1974-01-26";"1973-10-14";104;f;"	.	 ";"	.	 "
28015;"	Irmak	 ";28;"1974-11-17";"1973-10-14";399;f;"	.	 ";"	.	 "
28016;"	Demirel	 ";28;"1975-03-31";"1973-10-14";533;f;"	.	 ";"	.	 "
28017;"	Ecevit	 ";28;"1977-06-21";"1977-06-05";16;f;"	.	 ";"	.	 "
28018;"	Demirel	 ";28;"1977-07-21";"1977-06-05";46;f;"	.	 ";"	.	 "
28019;"	Ecevit	 ";28;"1978-01-05";"1977-06-05";214;f;"	.	 ";"	.	 "
28020;"	Demirel	 ";28;"1979-11-12";"1977-06-05";890;f;"	.	 ";"	.	 "
28021;"	Ulusu	 ";28;"1980-09-20";"1977-06-05";1203;f;"	caretaker/military	 ";"	.	 "
28022;"	Ozal	 ";28;"1983-12-13";"1983-11-06";37;f;"	.	 ";"	.	 "
28023;"	Ozal	 ";28;"1987-12-21";"1987-11-29";22;f;"	.	 ";"	.	 "
28024;"	Akbulut	 ";28;"1989-11-09";"1987-11-29";711;f;"	.	 ";"	.	 "
28025;"	Yilmaz	 ";28;"1991-06-23";"1987-11-29";1302;f;"	.	 ";"	.	 "
28026;"	Demirel	 ";28;"1991-11-21";"1991-10-20";32;f;"	.	 ";"	.	 "
28027;"	Ciller	 ";28;"1993-06-25";"1991-10-20";614;f;"	.	 ";"	.	 "
28028;"	Yilmaz	 ";28;"1996-03-06";"1995-12-24";73;f;"	.	 ";"	.	 "
28029;"	Erbakan	 ";28;"1996-06-28";"1995-12-24";187;f;"	.	 ";"	.	 "
28030;"	Yilmaz	 ";28;"1997-06-30";"1995-12-24";554;f;"	.	 ";"	.	 "
28031;"	Ecevit	 ";28;"1999-01-11";"1995-12-24";1114;f;"	.	 ";"	.	 "
28032;"	Ecevit	 ";28;"1999-05-28";"1999-04-18";40;f;"	.	 ";"	.	 "
28033;"	Gul	 ";28;"2002-11-18";"2002-11-03";15;f;"	.	 ";"	.	 "
28034;"	Erdogan	 ";28;"2003-03-14";"2002-11-03";131;f;"	.	 ";"	.	 "
28035;"	Erdogan	 ";28;"2007-08-29";"2007-07-22";38;f;"	.	 ";"	.	 "
28036;"	Erdogan	 ";28;"2011-07-06";"2011-06-12";24;f;"	.	 ";"	.	 "
29001;"	De Gaulle	 ";29;"1945-11-23";"1945-10-21";33;f;"	.	 ";"	.	 "
29002;"	Gouin	 ";29;"1946-01-29";"1945-10-21";100;f;"	.	 ";"	.	 "
29003;"	Bidault	 ";29;"1946-06-19";"1946-06-02";17;f;"	.	 ";"	.	 "
29004;"	Blum	 ";29;"1946-12-12";"1946-11-10";32;f;"	.	 ";"	.	 "
29005;"	Ramadier	 ";29;"1947-01-17";"1946-11-10";68;f;"	.	 ";"	.	 "
29006;"	Ramadier	 ";29;"1947-05-08";"1946-11-10";179;f;"	.	 ";"	.	 "
29007;"	Ramadier	 ";29;"1947-10-23";"1946-11-10";347;f;"	.	 ";"	.	 "
29008;"	Schuman	 ";29;"1947-11-22";"1946-11-10";377;f;"	.	 ";"	.	 "
29009;"	Marie	 ";29;"1948-07-24";"1946-11-10";622;f;"	.	 ";"	.	 "
29010;"	Schuman	 ";29;"1948-09-05";"1946-11-10";665;f;"	.	 ";"	.	 "
29011;"	Queuille	 ";29;"1948-09-14";"1946-11-10";674;f;"	.	 ";"	.	 "
29012;"	Bidault	 ";29;"1949-10-28";"1946-11-10";1083;f;"	.	 ";"	.	 "
29013;"	Bidault	 ";29;"1950-02-07";"1946-11-10";1185;f;"	.	 ";"	.	 "
29014;"	Queuille	 ";29;"1950-07-02";"1946-11-10";1330;f;"	.	 ";"	.	 "
29015;"	Pleven	 ";29;"1950-07-12";"1946-11-10";1340;f;"	.	 ";"	.	 "
29016;"	Queuille	 ";29;"1951-03-10";"1946-11-10";1581;f;"	.	 ";"	.	 "
29017;"	Pleven	 ";29;"1951-08-11";"1951-06-17";55;f;"	.	 ";"	.	 "
29018;"	Faure	 ";29;"1952-01-20";"1951-06-17";217;f;"	.	 ";"	.	 "
29019;"	Pinay	 ";29;"1952-03-08";"1951-06-17";265;f;"	.	 ";"	.	 "
29020;"	Mayer	 ";29;"1953-01-07";"1951-06-17";570;f;"	.	 ";"	.	 "
29021;"	Laniel	 ";29;"1953-06-26";"1951-06-17";740;f;"	.	 ";"	.	 "
29022;"	Mendes-France	 ";29;"1954-06-19";"1951-06-17";1098;f;"	.	 ";"	.	 "
29023;"	Faure	 ";29;"1955-02-23";"1951-06-17";1347;f;"	.	 ";"	.	 "
29024;"	Mollet	 ";29;"1956-01-31";"1956-01-02";29;f;"	.	 ";"	.	 "
29025;"	Bourges-Maunoury	 ";29;"1957-06-11";"1956-01-02";526;f;"	.	 ";"	.	 "
29026;"	Gaillard	 ";29;"1957-11-06";"1956-01-02";674;f;"	.	 ";"	.	 "
29027;"	Pfimlin	 ";29;"1958-05-14";"1956-01-02";863;f;"	.	 ";"	.	 "
29028;"	De Gaulle	 ";29;"1958-06-01";"1956-01-02";881;f;"	.	 ";"	.	 "
29029;"	Debre	 ";29;"1959-01-08";"1958-11-23";46;f;"	.	 ";"	.	 "
29030;"	Pompidou	 ";29;"1962-04-15";"1958-11-23";1239;f;"	.	 ";"	.	 "
29031;"	Pompidou	 ";29;"1962-05-16";"1958-11-23";1270;f;"	.	 ";"	.	 "
29032;"	Pompidou	 ";29;"1962-12-06";"1962-11-18";18;f;"	.	 ";"	.	 "
29033;"	Pompidou	 ";29;"1967-04-08";"1967-03-05";34;f;"	.	 ";"	.	 "
29034;"	Pompidou	 ";29;"1968-05-31";"1967-03-05";453;f;"	.	 ";"	.	 "
29035;"	Couve de Murvilee	 ";29;"1968-07-12";"1968-06-23";19;f;"	.	 ";"	.	 "
29036;"	Chaban-Delmas	 ";29;"1969-06-22";"1968-06-23";364;f;"	.	 ";"	.	 "
29037;"	Messmer	 ";29;"1972-07-07";"1968-06-23";1475;f;"	.	 ";"	.	 "
29038;"	Messmer	 ";29;"1973-04-05";"1973-03-04";32;f;"	.	 ";"	.	 "
29039;"	Chirac	 ";29;"1974-05-28";"1973-03-04";450;f;"	.	 ";"	.	 "
29040;"	Barre	 ";29;"1976-08-17";"1973-03-04";1262;f;"	.	 ";"	.	 "
29041;"	Barre	 ";29;"1977-03-30";"1973-03-04";1487;f;"	.	 ";"	.	 "
29042;"	Barre	 ";29;"1978-04-04";"1978-03-12";23;f;"	.	 ";"	.	 "
29043;"	Mauroy	 ";29;"1981-05-22";"1978-03-12";1167;f;"	.	 ";"	.	 "
29044;"	Mauroy	 ";29;"1981-06-23";"1981-06-14";9;f;"	.	 ";"	.	 "
29045;"	Fabius	 ";29;"1984-07-23";"1981-06-14";1135;f;"	.	 ";"	.	 "
29046;"	Chirac	 ";29;"1986-03-20";"1986-03-16";4;f;"	.	 ";"	.	 "
29047;"	Rocard	 ";29;"1988-05-12";"1986-03-16";788;f;"	.	 ";"	.	 "
29048;"	Rocard	 ";29;"1988-06-28";"1988-06-05";23;f;"	.	 ";"	.	 "
29049;"	Cresson	 ";29;"1991-05-15";"1988-06-05";1074;f;"	.	 ";"	.	 "
29050;"	Beregovoy	 ";29;"1992-04-02";"1988-06-05";1397;f;"	.	 ";"	.	 "
29051;"	Balladour	 ";29;"1993-03-30";"1993-03-21";9;f;"	.	 ";"	.	 "
29052;"	Juppe	 ";29;"1995-05-18";"1993-03-21";788;f;"	.	 ";"	.	 "
29053;"	Jospin	 ";29;"1997-06-04";"1997-05-25";10;f;"	.	 ";"	.	 "
29054;"	Raffarin	 ";29;"2002-05-07";"1997-05-25";1808;f;"	.	 ";"	.	 "
29055;"	Raffarin	 ";29;"2002-06-19";"2002-06-09";10;f;"	.	 ";"	.	 "
29056;"	Villepin	 ";29;"2005-05-31";"2002-06-09";1087;f;"	.	 ";"	.	 "
29057;"	Fillon	 ";29;"2007-05-17";"2002-06-09";1803;f;"	.	 ";"	.	 "
29058;"	Fillon	 ";29;"2007-06-19";"2007-06-10";9;f;"	.	 ";"	.	 "
29059;"	Fillon	 ";29;"2009-06-23";"2007-06-10";744;f;"	.	 ";"	.	 "
29060;"	Fillon	 ";29;"2010-11-14";"2007-06-10";1253;f;"	.	 ";"	.	 "
29061;"	Ayrault	 ";29;"2012-05-16";"2007-06-10";1802;f;"	.	 ";"	wikipedia	 "
29062;"	Ayrault	 ";29;"2012-06-18";"2007-06-10";1835;f;"	.	 ";"	wikipedia	 "
29063;"	Valls	 ";29;"2014-03-31";"2012-07-17";622;f;"	.	 ";"	wikipedia	 "
30001;"	Fraser	 ";30;"1946-12-20";"1946-11-27";23;f;"	.	 ";"	.	 "
30002;"	Holland	 ";30;"1949-12-13";"1949-11-30";13;f;"	.	 ";"	.	 "
30003;"	Holland	 ";30;"1951-09-01";"1951-09-01";0;f;"	old cabinet in office with new electoral results, therefore start of gov and election date is the same	 ";"	.	 "
30004;"	Holland	 ";30;"1954-11-26";"1954-11-13";13;f;"	.	 ";"	.	 "
30005;"	Holyoake	 ";30;"1957-07-31";"1954-11-13";991;f;"	.	 ";"	.	 "
30006;"	Nash	 ";30;"1957-12-12";"1957-11-30";12;f;"	.	 ";"	.	 "
30007;"	Holyoake	 ";30;"1960-12-12";"1960-11-26";16;f;"	.	 ";"	.	 "
30008;"	Holyoake	 ";30;"1963-12-20";"1963-11-30";20;f;"	.	 ";"	.	 "
30009;"	Holyoake	 ";30;"1966-11-26";"1966-11-26";0;f;"	old cabinet in office with new electoral results, therefore start of gov and election date is the same	 ";"	.	 "
30010;"	Holyoake	 ";30;"1969-12-22";"1969-11-29";23;f;"	.	 ";"	.	 "
30011;"	Marshall	 ";30;"1972-02-07";"1969-11-29";800;f;"	.	 ";"	.	 "
30012;"	Kirk	 ";30;"1972-12-08";"1972-11-25";13;f;"	.	 ";"	.	 "
30013;"	Rowling	 ";30;"1974-09-06";"1972-11-25";650;f;"	.	 ";"	.	 "
30014;"	Muldoon	 ";30;"1975-12-12";"1975-11-29";13;f;"	.	 ";"	.	 "
30015;"	Muldoon	 ";30;"1978-12-12";"1978-11-25";17;f;"	.	 ";"	.	 "
30016;"	Muldoon	 ";30;"1981-12-11";"1981-11-28";13;f;"	.	 ";"	.	 "
30017;"	Lange	 ";30;"1984-07-26";"1984-07-14";12;f;"	.	 ";"	.	 "
30018;"	Lange	 ";30;"1987-08-19";"1987-08-15";4;f;"	.	 ";"	.	 "
30019;"	Palmer	 ";30;"1989-08-08";"1987-08-15";724;f;"	.	 ";"	.	 "
30020;"	Moore	 ";30;"1990-09-04";"1987-08-15";1116;f;"	.	 ";"	.	 "
30021;"	Bolger	 ";30;"1990-11-02";"1990-10-27";6;f;"	.	 ";"	.	 "
30022;"	Bolger	 ";30;"1993-11-28";"1993-11-06";22;f;"	.	 ";"	.	 "
30023;"	Bolger	 ";30;"1995-06-30";"1993-11-06";601;f;"	.	 ";"	.	 "
30024;"	Bolger	 ";30;"1996-02-28";"1993-11-06";844;f;"	.	 ";"	.	 "
30025;"	Bolger	 ";30;"1996-12-16";"1996-10-12";65;f;"	.	 ";"	.	 "
30026;"	Shipley	 ";30;"1997-12-08";"1996-10-12";422;f;"	.	 ";"	.	 "
30027;"	Shipley	 ";30;"1998-08-31";"1996-10-12";688;f;"	.	 ";"	.	 "
30028;"	Clark	 ";30;"1999-12-05";"1999-11-27";8;f;"	.	 ";"	.	 "
30029;"	Clark	 ";30;"2002-08-15";"2002-07-27";19;f;"	.	 ";"	.	 "
30030;"	Clark	 ";30;"2005-10-17";"2005-09-17";30;f;"	.	 ";"	.	 "
30031;"	Key	 ";30;"2008-11-18";"2008-11-08";10;f;"	.	 ";"	.	 "
30032;"	Key	 ";30;"2011-12-14";"2011-11-26";18;f;"	.	 ";"	.	 "
31001;"	Yoshida	 ";31;"1946-05-22";"1946-04-10";42;f;"	.	 ";"	.	 "
31002;"	Katayama	 ";31;"1947-05-24";"1947-04-25";29;f;"	.	 ";"	.	 "
31003;"	Ashida	 ";31;"1948-05-10";"1947-04-25";381;f;"	.	 ";"	.	 "
31004;"	Yoshida	 ";31;"1948-10-15";"1947-04-25";539;f;"	.	 ";"	.	 "
31005;"	Yoshida	 ";31;"1949-02-16";"1949-01-23";24;f;"	.	 ";"	.	 "
31006;"	Yoshida	 ";31;"1950-06-28";"1949-01-23";521;f;"	.	 ";"	.	 "
31007;"	Yoshida	 ";31;"1952-10-30";"1952-10-01";29;f;"	.	 ";"	.	 "
31008;"	Yoshida	 ";31;"1953-05-21";"1953-04-19";32;f;"	.	 ";"	.	 "
31009;"	Hatoyama	 ";31;"1954-12-10";"1953-04-19";600;f;"	.	 ";"	.	 "
31010;"	Hatoyama	 ";31;"1955-05-19";"1955-02-27";81;f;"	.	 ";"	.	 "
31011;"	Hatoyama	 ";31;"1955-11-22";"1955-02-27";268;f;"	.	 ";"	.	 "
31012;"	Ishibashi	 ";31;"1956-12-23";"1955-02-27";665;f;"	.	 ";"	.	 "
31013;"	Kishi	 ";31;"1958-02-25";"1955-02-27";1094;f;"	.	 ";"	.	 "
31014;"	Kishi	 ";31;"1958-06-12";"1958-05-22";21;f;"	.	 ";"	.	 "
31015;"	Ikeda	 ";31;"1960-07-19";"1958-05-22";789;f;"	.	 ";"	.	 "
31016;"	Ikeda	 ";31;"1960-12-08";"1960-11-20";18;f;"	.	 ";"	.	 "
31017;"	Ikeda	 ";31;"1963-12-09";"1963-11-21";18;f;"	.	 ";"	.	 "
31018;"	Sato	 ";31;"1964-11-09";"1963-11-21";354;f;"	.	 ";"	.	 "
31019;"	Sato	 ";31;"1967-02-17";"1967-01-29";19;f;"	.	 ";"	.	 "
31020;"	Sato	 ";31;"1970-01-14";"1969-12-27";18;f;"	.	 ";"	.	 "
31021;"	Tanaka	 ";31;"1972-07-07";"1969-12-27";923;f;"	.	 ";"	.	 "
31022;"	Tanaka	 ";31;"1972-12-22";"1972-12-10";12;f;"	.	 ";"	.	 "
31023;"	Miki	 ";31;"1974-12-09";"1972-12-10";729;f;"	.	 ";"	.	 "
31024;"	Fukuda	 ";31;"1976-12-24";"1976-12-05";19;f;"	.	 ";"	.	 "
31025;"	Ohira	 ";31;"1978-12-07";"1976-12-05";732;f;"	.	 ";"	.	 "
31026;"	Ohira	 ";31;"1979-11-09";"1979-10-07";33;f;"	.	 ";"	.	 "
31027;"	Suzuki	 ";31;"1980-07-17";"1980-06-22";25;f;"	.	 ";"	.	 "
31028;"	Nakasone	 ";31;"1982-11-27";"1980-06-22";888;f;"	.	 ";"	.	 "
31029;"	Nakasone	 ";31;"1983-12-27";"1983-12-18";9;f;"	.	 ";"	.	 "
31030;"	Nakasone	 ";31;"1986-07-22";"1986-07-06";16;f;"	.	 ";"	.	 "
31031;"	Takeshita	 ";31;"1987-11-06";"1986-07-06";488;f;"	.	 ";"	.	 "
31032;"	Uno	 ";31;"1989-06-03";"1986-07-06";1063;f;"	.	 ";"	.	 "
31033;"	Kaifu	 ";31;"1989-08-10";"1986-07-06";1131;f;"	.	 ";"	.	 "
31034;"	Kaifu	 ";31;"1990-02-28";"1990-02-18";10;f;"	.	 ";"	.	 "
31035;"	Miyazawa	 ";31;"1991-11-05";"1990-02-18";625;f;"	.	 ";"	.	 "
31036;"	Hosokawa	 ";31;"1993-08-09";"1993-07-18";22;f;"	.	 ";"	.	 "
31037;"	Hata	 ";31;"1994-04-28";"1993-07-18";284;f;"	.	 ";"	.	 "
31038;"	Murayama	 ";31;"1994-06-30";"1993-07-18";347;f;"	.	 ";"	.	 "
31039;"	Hashimoto	 ";31;"1996-01-11";"1993-07-18";907;f;"	.	 ";"	.	 "
31040;"	Hashimoto	 ";31;"1996-11-07";"1996-10-20";18;f;"	.	 ";"	.	 "
31041;"	Obuchi	 ";31;"1998-07-30";"1996-10-20";648;f;"	.	 ";"	.	 "
31042;"	Obuchi	 ";31;"1999-01-14";"1996-10-20";816;f;"	.	 ";"	.	 "
31043;"	Obuchi	 ";31;"1999-10-05";"1996-10-20";1080;f;"	.	 ";"	.	 "
31044;"	Mori	 ";31;"2000-04-05";"1996-10-20";1263;f;"	.	 ";"	.	 "
31045;"	Mori	 ";31;"2000-12-05";"2000-06-25";163;f;"	.	 ";"	.	 "
31046;"	Koizumi	 ";31;"2001-04-26";"2000-06-25";305;f;"	.	 ";"	.	 "
31047;"	Koizumi	 ";31;"2003-11-19";"2003-11-09";10;f;"	.	 ";"	.	 "
31048;"	Koizumi	 ";31;"2005-09-21";"2005-09-11";10;f;"	.	 ";"	.	 "
31049;"	Abe	 ";31;"2006-09-26";"2005-09-11";380;f;"	.	 ";"	.	 "
31050;"	Fukuda	 ";31;"2007-09-26";"2005-09-11";745;f;"	.	 ";"	.	 "
31051;"	Aso	 ";31;"2008-09-24";"2005-09-11";1109;f;"	.	 ";"	.	 "
31052;"	Hatoyama	 ";31;"2009-09-16";"2009-08-30";17;f;"	.	 ";"	.	 "
31053;"	Kan	 ";31;"2010-06-08";"2009-08-30";282;f;"	.	 ";"	.	 "
31054;"	Noda	 ";31;"2011-09-02";"2009-08-30";733;f;"	.	 ";"	.	 "
31055;"	Abe	 ";31;"2012-12-26";"2012-12-16";10;f;"	.	 ";"	.	 "
32001;"	De Gasperi	 ";32;"1948-05-23";"1948-04-18";35;f;"	.	 ";"	.	 "
32002;"	De Gasperi	 ";32;"1950-01-27";"1948-04-18";649;f;"	.	 ";"	.	 "
32003;"	De Gasperi	 ";32;"1951-07-26";"1948-04-18";1194;f;"	.	 ";"	.	 "
32004;"	De Gasperi	 ";32;"1953-07-16";"1953-06-07";39;f;"	.	 ";"	.	 "
32005;"	Pella	 ";32;"1953-08-17";"1953-06-07";71;f;"	.	 ";"	.	 "
32006;"	Fanfani	 ";32;"1954-01-18";"1953-06-07";225;f;"	.	 ";"	.	 "
32007;"	Scelba	 ";32;"1954-02-10";"1953-06-07";248;f;"	.	 ";"	.	 "
32008;"	Segni	 ";32;"1955-07-06";"1953-06-07";759;f;"	.	 ";"	.	 "
32009;"	Zoli	 ";32;"1957-05-19";"1953-06-07";1442;f;"	.	 ";"	.	 "
32010;"	Fanfani	 ";32;"1958-07-01";"1958-05-25";37;f;"	.	 ";"	.	 "
32011;"	Segni	 ";32;"1959-02-15";"1958-05-25";266;f;"	.	 ";"	.	 "
32012;"	Tambroni	 ";32;"1960-03-25";"1958-05-25";670;f;"	.	 ";"	.	 "
32013;"	Fanfani	 ";32;"1960-07-26";"1958-05-25";793;f;"	.	 ";"	.	 "
32014;"	Fanfani	 ";32;"1962-02-21";"1958-05-25";1368;f;"	.	 ";"	.	 "
32015;"	Leone	 ";32;"1963-06-21";"1963-04-28";54;f;"	.	 ";"	.	 "
32016;"	Moro	 ";32;"1963-12-04";"1963-04-28";220;f;"	.	 ";"	.	 "
32017;"	Leone	 ";32;"1968-06-24";"1968-05-19";36;f;"	.	 ";"	.	 "
32018;"	Rumor	 ";32;"1968-12-12";"1968-05-19";207;f;"	.	 ";"	.	 "
32019;"	Rumor	 ";32;"1969-08-05";"1968-05-19";443;f;"	.	 ";"	.	 "
32020;"	Rumor	 ";32;"1970-03-27";"1968-05-19";677;f;"	.	 ";"	.	 "
32021;"	Colombo	 ";32;"1970-08-06";"1968-05-19";809;f;"	.	 ";"	.	 "
32022;"	Colombo	 ";32;"1971-02-27";"1968-05-19";1014;f;"	.	 ";"	.	 "
32023;"	Andreotti	 ";32;"1972-02-17";"1968-05-19";1369;f;"	.	 ";"	.	 "
32024;"	Andreotti	 ";32;"1972-07-26";"1972-05-07";80;f;"	.	 ";"	.	 "
32025;"	Rumor	 ";32;"1973-07-07";"1972-05-07";426;f;"	.	 ";"	.	 "
32026;"	Rumor	 ";32;"1974-03-14";"1972-05-07";676;f;"	.	 ";"	.	 "
32027;"	Moro	 ";32;"1974-11-23";"1972-05-07";930;f;"	.	 ";"	.	 "
32028;"	Moro	 ";32;"1976-02-12";"1972-05-07";1376;f;"	.	 ";"	.	 "
32029;"	Andreotti	 ";32;"1976-07-29";"1976-06-20";39;f;"	.	 ";"	.	 "
32030;"	Andreotti	 ";32;"1979-03-20";"1976-06-20";1003;f;"	.	 ";"	.	 "
32031;"	Cossiga	 ";32;"1979-08-04";"1979-06-03";62;f;"	.	 ";"	.	 "
32032;"	Cossiga	 ";32;"1980-04-04";"1979-06-03";306;f;"	.	 ";"	.	 "
32033;"	Forlani	 ";32;"1980-10-18";"1979-06-03";503;f;"	.	 ";"	.	 "
32034;"	Spadaloni	 ";32;"1981-06-28";"1979-06-03";756;f;"	.	 ";"	.	 "
32035;"	Fanfani	 ";32;"1982-12-01";"1979-06-03";1277;f;"	.	 ";"	.	 "
32036;"	Craxi	 ";32;"1983-08-04";"1983-06-26";39;f;"	.	 ";"	.	 "
32037;"	Fanfani	 ";32;"1987-04-17";"1983-06-26";1391;f;"	.	 ";"	.	 "
32038;"	Goria	 ";32;"1987-07-28";"1987-06-14";44;f;"	.	 ";"	.	 "
32039;"	De Mita	 ";32;"1988-04-13";"1987-06-14";304;f;"	.	 ";"	.	 "
32040;"	Andreotti	 ";32;"1989-07-22";"1987-06-14";769;f;"	.	 ";"	.	 "
32041;"	Andreotti	 ";32;"1991-04-12";"1987-06-14";1398;f;"	.	 ";"	.	 "
32042;"	Amati	 ";32;"1992-06-28";"1992-04-05";84;f;"	.	 ";"	.	 "
32043;"	Ciampi	 ";32;"1993-04-29";"1992-04-05";389;f;"	.	 ";"	.	 "
32044;"	Ciampi	 ";32;"1993-05-07";"1992-04-05";397;f;"	.	 ";"	.	 "
32045;"	Berlusconi	 ";32;"1994-05-10";"1994-03-27";44;f;"	.	 ";"	.	 "
32046;"	Dini	 ";32;"1995-01-17";"1994-03-27";296;f;"	technocratic government	 ";"	.	 "
32047;"	Prodi	 ";32;"1996-05-17";"1996-04-21";26;f;"	.	 ";"	.	 "
32048;"	DAlema	 ";32;"1998-10-21";"1996-04-21";913;f;"	UDR and PDCI listed as party in govt but no seats in legislative. Founded as splitter groups from other parties, however, we dont know how many seats they ve had and how many seats other parties have lost	 ";"	.	 "
32049;"	DAlema	 ";32;"1999-12-22";"1996-04-21";1340;f;"	UDR and PDCI listed as party in govt but no seats in legislative. Founded as splitter groups from other parties, however, we dont know how many seats they ve had and how many other parties have lost	 ";"	.	 "
32050;"	Amato	 ";32;"2000-04-25";"1996-04-21";1465;f;"	.	 ";"	.	 "
32051;"	Berlusconi	 ";32;"2001-06-11";"2001-05-13";29;f;"	should be different from each other but arent: data not precise enough on party seat share etc.	 ";"	.	 "
32052;"	Berlusconi	 ";32;"2005-04-23";"2001-05-13";1441;f;"	should be different from each other but arent: data not precise enough on party seat share etc.	 ";"	.	 "
32053;"	Prodi	 ";32;"2006-05-19";"2006-04-09";40;f;"	.	 ";"	.	 "
32054;"	Berlusconi	 ";32;"2008-05-08";"2008-04-13";25;f;"	.	 ";"	.	 "
32055;"	Monti	 ";32;"2011-11-16";"2008-04-13";1312;f;"	technocratic government	 ";"	.	 "
32056;"	Letta	 ";32;"2013-04-28";"2013-02-25";62;f;"	.	 ";"	wikipedia	 "
32057;"	Letta	 ";32;"2013-11-15";"2013-02-25";263;f;"	.	 ";"	wikipedia	 "
32058;"	Renzi	 ";32;"2014-02-22";"2013-02-25";362;f;"	.	 ";"	wikipedia	 "
33002;"	Ernesto Zedillo	 ";33;"1994-12-01";"1994-08-21";102;f;"	treated as single party government by assumption, check!	 ";"	.	 "
33003;"	Vicente Fox Quesada	 ";33;"2000-12-01";"2000-07-06";148;f;"	treated as single party government by assumption, check!	 ";"	.	 "
33004;"	Felipe Calderon	 ";33;"2006-12-01";"2006-06-02";182;f;"	treated as single party government by assumption, check!	 ";"	.	 "
33005;"	Enrique Pena Nieto	 ";33;"2012-12-01";"2012-07-01";153;f;"	treated as single party government by assumption, check!	 ";"	.	 "
34001;"	Lee Hyun-jae	 ";34;"1988-04-26";"1988-04-26";0;f;"	.	 ";"	.	 "
34002;"	Kann Young-hoon	 ";34;"1988-12-05";"1988-04-26";223;f;"	.	 ";"	.	 "
34003;"	Ro Jai-bong	 ";34;"1990-12-27";"1988-04-26";975;f;"	.	 ";"	.	 "
34004;"	Chung Won-Shik	 ";34;"1991-05-24";"1988-04-26";1123;f;"	.	 ";"	.	 "
34005;"	Chung Won-Shik	 ";34;"1992-03-25";"1992-03-25";0;f;"	.	 ";"	.	 "
34006;"	Hyun Soong-jong	 ";34;"1992-10-08";"1992-03-25";197;f;"	.	 ";"	.	 "
34007;"	Hwang In-sung	 ";34;"1993-02-25";"1992-03-25";337;f;"	.	 ";"	.	 "
34008;"	Lee Hoi-chang	 ";34;"1993-12-17";"1992-03-25";632;f;"	.	 ";"	.	 "
34009;"	Lee Yung-dug	 ";34;"1994-04-29";"1992-03-25";765;f;"	.	 ";"	.	 "
34010;"	Lee Hong-koo	 ";34;"1994-12-17";"1992-03-25";997;f;"	.	 ";"	.	 "
34011;"	Lee Soo-sung	 ";34;"1995-12-18";"1992-03-25";1363;f;"	.	 ";"	.	 "
34012;"	Lee Soo-sung	 ";34;"1996-04-12";"1996-04-12";0;f;"	.	 ";"	.	 "
34013;"	Goh Kun	 ";34;"1997-03-04";"1996-04-12";326;f;"	.	 ";"	.	 "
34014;"	Kim Jong-pil	 ";34;"1998-03-03";"1996-04-12";690;f;"	.	 ";"	.	 "
34015;"	Park Tae-joon	 ";34;"2000-01-13";"1996-04-12";1371;f;"	.	 ";"	.	 "
34016;"	Lee Han-dong	 ";34;"2000-05-22";"2000-04-13";39;f;"	.	 ";"	.	 "
34017;"	Kim Suk-soo	 ";34;"2002-09-10";"2000-04-13";880;f;"	.	 ";"	.	 "
34018;"	Goh Kun	 ";34;"2003-02-26";"2000-04-13";1049;f;"	.	 ";"	.	 "
34019;"	Lee Hea-chan	 ";34;"2004-06-30";"2004-04-15";76;f;"	.	 ";"	.	 "
34020;"	Han Myeong-sook	 ";34;"2006-04-20";"2004-04-15";735;f;"	.	 ";"	.	 "
34021;"	Han Duck-soo	 ";34;"2007-04-02";"2004-04-15";1082;f;"	.	 ";"	.	 "
34022;"	Han Seung-soo	 ";34;"2008-02-29";"2004-04-15";1415;f;"	.	 ";"	.	 "
34023;"	Han Seung-soo	 ";34;"2008-04-09";"2008-04-09";0;f;"	.	 ";"	.	 "
34024;"	Chung Un-chan	 ";34;"2009-09-28";"2008-04-09";537;f;"	.	 ";"	.	 "
34025;"	Kim Hwang-sik	 ";34;"2010-10-01";"2008-04-09";905;f;"	.	 ";"	.	 "
34026;"	Kim Hwang-sik	 ";34;"2012-04-11";"2012-04-11";0;f;"	.	 ";"	.	 "
34027;"	Jung Hong-won	 ";34;"2013-02-26";"2012-04-11";321;f;"	.	 ";"	.	 "
34028;"	Ahn Dae-hee	 ";34;"2014-05-01";"2012-04-11";750;f;"	NEW cabinet (so far only wikipedia)	 ";"	.	 "
33001;"	Carlos Salinas	 ";33;"1988-12-01";"";;f;"	treated as single party government by assumption, check!	 ";"	.	 "
